book,chapter,start,end
csa-barron-2015,classes,108,146
csa-barron-2015,inheritance-polymorphism,147,189
csa-barron-2015,standard-classes,190,222
csa-barron-2015,program-design,223,248
csa-barron-2015,arrays-arraylists,249,305
csa-barron-2015,recursion,306,339
csa-barron-2015,sorting-searching,340,366
csa-barron-2020,classes,157,216
csa-barron-2020,inheritance-polymorphism,217,258
csa-barron-2020,standard-classes,259,306
csa-barron-2020,program-design,307,345
csa-barron-2020,arrays-arraylists,346,424
csa-barron-2020,recursion,425,473
csa-barron-2020,sorting-searching,474,511
csa-steps-2021,primitive-types,118,138
csa-steps-2021,using-objects,139,177
csa-steps-2021,booleans,178,200
csa-steps-2021,iteration,201,230
csa-steps-2021,writing-classes,231,286
csa-steps-2021,array,287,324
csa-steps-2021,arraylist,325,390
csa-steps-2021,2d-array,391,418
csa-steps-2021,inheritance,419,452
csa-steps-2021,recursion,453,484
csa-princeton-2023,primitive-types,149,170
csa-princeton-2023,using-classes,171,183
csa-princeton-2023,booleans,184,203
csa-princeton-2023,iteration,204,225
csa-princeton-2023,writing-classes,226,268
csa-princeton-2023,array,269,305
csa-princeton-2023,arraylist,306,315
csa-princeton-2023,2d-array,316,327
csa-princeton-2023,inheritance,328,351
csa-princeton-2023,recursion,352,365
